timestamp,camera_id,trigger_type,yolo_class,yolo_confidence,brightness,motion_pct,vlm_description,image_path,processing_time_ms
2026-09-13T00:48:26Z,pi-wildlife,heartbeat,heartbeat,0.9,132.0,0.0,"The scene shows a small, dark-colored building with a sloped roof, surrounded by a gravel area with some small plants and bushes. The building appears to be a shed or a small storage structure, and there is a paved path leading up to it. The area is likely part of a residential or recreational facility, given the presence of the building and the pathway.",C:\Users\Kavitha padala\Desktop\ANT project\vision_server\data\images\20260913T004826_heartbeat.jpg,56504
2026-09-13T01:00:58Z,pi-wildlife,heartbeat,heartbeat,0.9,130.3,0.0,"The scene shows a small, single-story building with a sloped roof, surrounded by a gravel driveway and a small garden area with a few bushes. The building appears to be a shed or a small storage structure, and there is a person walking towards the building in the background. The setting is likely a residential area with trees and greenery in the background.",C:\Users\Kavitha padala\Desktop\ANT project\vision_server\data\images\20260913T010058_heartbeat.jpg,20985
2026-09-13T01:02:38Z,pi-wildlife,heartbeat,heartbeat,0.9,131.5,0.0,"The scene shows a small, dark-colored building with a sloped roof, surrounded by a gravel area with some small plants and bushes. There are three people visible in the background, walking near the building. The setting appears to be a residential or community area with trees and other buildings in the background.",C:\Users\Kavitha padala\Desktop\ANT project\vision_server\data\images\20260913T010238_heartbeat.jpg,10052
2026-09-13T01:05:51Z,pi-wildlife,heartbeat,heartbeat,0.9,129.5,0.0,"The image shows a small tree growing out of the roof of a building. The tree is surrounded by a patch of dirt and small rocks. The building has a flat roof with a small overhang, and there is another building visible in the background. The scene appears to be in a residential area with trees and greenery nearby.",C:\Users\Kavitha padala\Desktop\ANT project\vision_server\data\images\20260913T010551_heartbeat.jpg,2115
2026-09-13T01:10:51Z,pi-wildlife,heartbeat,heartbeat,0.9,128.3,0.0,"The scene shows a small tree growing near the edge of a concrete or asphalt surface. The tree is casting a shadow on the ground, and there are a few people walking in the background, possibly in a residential area. The perspective is from above, looking down at the tree and the people.",C:\Users\Kavitha padala\Desktop\ANT project\vision_server\data\images\20260913T011051_heartbeat.jpg,1897
2026-09-13T01:12:13Z,pi-wildlife,heartbeat,heartbeat,0.9,126.6,0.0,"The scene shows a small, dark-colored building with a sloped roof, surrounded by a gravel driveway and some small bushes. There are two people walking near the building, and the area appears to be a residential or community setting with trees in the background.",C:\Users\Kavitha padala\Desktop\ANT project\vision_server\data\images\20260913T011213_heartbeat.jpg,1862
2026-09-13T01:20:40Z,pi-wildlife,heartbeat,heartbeat,0.9,124.4,0.0,"The scene shows a small, dark-colored building with a sloped roof, surrounded by a gravel driveway and some greenery. There is a person walking on the left side of the frame, and the building appears to be part of a residential or community area.",C:\Users\Kavitha padala\Desktop\ANT project\vision_server\data\images\20260913T012040_heartbeat.jpg,9929
2026-09-13T01:30:40Z,pi-wildlife,wildlife_motion,wildlife_motion,0.9,119.8,14.52,"In the image, a person is seen extending their arm towards the camera, likely to adjust or interact with it. The background shows a residential area with a house and some trees, indicating a suburban setting. The person is wearing a dark-colored shirt with a yellow stripe.",C:\Users\Kavitha padala\Desktop\ANT project\vision_server\data\images\20260913T013040_wildlife_motion.jpg,13353
2026-09-13T01:36:51Z,pi-wildlife,heartbeat,heartbeat,0.9,124.5,0.0,"The image shows a residential area with a small, single-story building with a dark-colored exterior. In front of the building, there is a small garden area with some bushes and a few scattered leaves on the ground. The scene is set in a suburban neighborhood with trees and other buildings visible in the background.",C:\Users\Kavitha padala\Desktop\ANT project\vision_server\data\images\20260913T013651_heartbeat.jpg,9682
2026-09-13T01:46:34Z,pi-wildlife,heartbeat,heartbeat,0.9,118.9,0.0,"The scene shows a small, dark-colored building with a sloped roof, surrounded by a gravel driveway and a small garden area with a few bushes. The building appears to be a shed or a small storage structure, and the area is likely part of a residential property.",C:\Users\Kavitha padala\Desktop\ANT project\vision_server\data\images\20260913T014634_heartbeat.jpg,8862
2026-09-13T01:50:30Z,pi-wildlife,heartbeat,heartbeat,0.9,122.9,0.0,"The scene shows a small, dark-colored building with a sloped roof, surrounded by a gravel driveway and a small garden with bushes and plants. The building appears to be a shed or a small storage unit, and the area is well-maintained with some greenery. The setting suggests a residential or rural area.",C:\Users\Kavitha padala\Desktop\ANT project\vision_server\data\images\20260913T015030_heartbeat.jpg,1997
2026-09-13T01:54:00Z,pi-wildlife,wildlife_person,person,0.9,132.1,1.2,"A person is walking outside a building with a dark exterior, wearing a dark shirt, blue pants, and flip-flops. The setting appears to be a residential area with a driveway and some greenery.",C:\Users\Kavitha padala\Desktop\ANT project\vision_server\data\images\20260913T015400_person.jpg,1775
2026-09-13T01:54:15Z,pi-wildlife,wildlife_person,person,0.9,133.1,2.05,"A person is standing on a gravel path in front of a small building with a dark exterior. The person is wearing a dark shirt and pants, and is facing away from the camera. The setting appears to be a residential area with trees and other buildings in the background.",C:\Users\Kavitha padala\Desktop\ANT project\vision_server\data\images\20260913T015415_person.jpg,1934
2026-09-13T01:55:21Z,pi-wildlife,heartbeat,heartbeat,0.9,131.6,0.0,"The scene shows a residential area with a small, single-story building with a sloped roof. In front of the building, there is a small garden with a few bushes and some fallen leaves. The area appears to be a driveway or a small yard. The background includes other buildings and trees, indicating a suburban setting.",C:\Users\Kavitha padala\Desktop\ANT project\vision_server\data\images\20260913T015521_heartbeat.jpg,1951
2026-09-13T02:00:21Z,pi-wildlife,heartbeat,heartbeat,0.9,129.8,0.0,"The scene shows a residential area with a small, dark-colored shed or garage. The ground around the shed is covered with dirt and small rocks, with some greenery and a bush with red flowers. The background includes a neighboring house and trees, indicating a suburban setting.",C:\Users\Kavitha padala\Desktop\ANT project\vision_server\data\images\20260913T020021_heartbeat.jpg,1845
2026-09-13T02:05:21Z,pi-wildlife,heartbeat,heartbeat,0.9,132.0,0.0,"In the image, a small bird is perched on the ground near a gravel path in front of a building with a dark-colored exterior. The bird is surrounded by some greenery, including bushes and small plants. The setting appears to be a residential area with a driveway and a house in the background.",C:\Users\Kavitha padala\Desktop\ANT project\vision_server\data\images\20260913T020521_heartbeat.jpg,20112
2026-09-13T02:10:21Z,pi-wildlife,heartbeat,heartbeat,0.9,131.9,0.0,"The image shows a small, dark-colored building with a sloped roof, surrounded by a driveway and a small garden area. There are bushes and small plants in the garden, and the building appears to be part of a residential area with other houses visible in the background.",C:\Users\Kavitha padala\Desktop\ANT project\vision_server\data\images\20260913T021021_heartbeat.jpg,10747
2026-09-13T02:15:21Z,pi-wildlife,heartbeat,heartbeat,0.9,132.1,0.0,"The scene shows a residential area with a single-story house featuring dark-colored siding. In front of the house, there is a small garden with a few bushes and some fallen leaves. The driveway is visible, and the area appears to be a mix of dirt and gravel. The background includes other houses and trees, indicating a suburban neighborhood.",C:\Users\Kavitha padala\Desktop\ANT project\vision_server\data\images\20260913T021521_heartbeat.jpg,21069
2026-09-13T02:20:21Z,pi-wildlife,heartbeat,heartbeat,0.9,132.4,0.0,"The image shows a small, dark-colored building with a sloped roof, situated in a residential area. The building is surrounded by a driveway and some small bushes and plants. The scene appears to be a quiet, suburban neighborhood with trees in the background.",C:\Users\Kavitha padala\Desktop\ANT project\vision_server\data\images\20260913T022021_heartbeat.jpg,9400
2026-09-13T02:25:21Z,pi-wildlife,heartbeat,heartbeat,0.9,126.8,0.0,"The scene shows a small, dark-colored building with a sloped roof, surrounded by a gravel area with some sparse vegetation. There are a few people walking in the background, and the area appears to be a small, possibly rural or suburban setting.",C:\Users\Kavitha padala\Desktop\ANT project\vision_server\data\images\20260913T022521_heartbeat.jpg,9106
2026-09-13T02:27:48Z,pi-wildlife,unclassified_motion,unclassified_motion,0.9,109.8,1.21,"The scene shows a small, dark-colored shed or building with a sloped roof, situated in a residential area. The ground around the building is covered with gravel and small rocks, and there is a small bush or shrub in front of the building. The background includes other buildings and trees, indicating a suburban setting.",C:\Users\Kavitha padala\Desktop\ANT project\vision_server\data\images\20260913T022748_unclassified_motion.jpg,9056
2026-09-13T02:28:03Z,pi-wildlife,unclassified_motion,unclassified_motion,0.9,107.8,1.55,"The scene shows a small, dark-colored building with a sloped roof, surrounded by a gravel driveway and some small bushes. The building appears to be a shed or a small storage structure, and the area is relatively barren with some scattered leaves and small plants. The setting suggests a residential or rural area.",C:\Users\Kavitha padala\Desktop\ANT project\vision_server\data\images\20260913T022803_unclassified_motion.jpg,9308
2026-09-13T02:28:18Z,pi-wildlife,unclassified_motion,unclassified_motion,0.9,105.7,2.07,"The image shows a small, dark-colored building with a sloped roof, surrounded by a gravel driveway and some greenery. The building appears to be a shed or a small storage structure, and there are no visible animals or people in the frame. The setting seems to be a residential area with trees and other buildings in the background.",C:\Users\Kavitha padala\Desktop\ANT project\vision_server\data\images\20260913T022818_unclassified_motion.jpg,10850
2026-09-13T02:28:33Z,pi-wildlife,unclassified_motion,unclassified_motion,0.9,103.4,2.28,"The image shows a small, dark-colored shed or garage with a slanted roof, situated in a residential area. The ground around the shed is covered with gravel and small rocks, and there are some bushes and plants nearby. The background includes a house with a chimney and more trees, indicating a suburban setting.",C:\Users\Kavitha padala\Desktop\ANT project\vision_server\data\images\20260913T022833_unclassified_motion.jpg,13237
2026-09-13T02:28:48Z,pi-wildlife,wildlife_person,person,0.9,100.9,2.34,The scene shows a person riding a bicycle near a wooden building with a sloped roof. The building has a small garden area with a bush and some fallen leaves. The setting appears to be a residential or community area with trees in the background.,C:\Users\Kavitha padala\Desktop\ANT project\vision_server\data\images\20260913T022848_person.jpg,12924
2026-09-13T02:29:03Z,pi-wildlife,unclassified_motion,unclassified_motion,0.9,98.6,2.35,"The image shows a small, dark-colored building with a sloped roof, surrounded by a gravel driveway and some greenery. The building appears to be a shed or a small storage structure, and there are no visible animals or people in the frame. The setting seems to be a residential area with trees and a clear sky.",C:\Users\Kavitha padala\Desktop\ANT project\vision_server\data\images\20260913T022903_unclassified_motion.jpg,13787
2026-09-13T02:29:18Z,pi-wildlife,unclassified_motion,unclassified_motion,0.9,96.3,2.09,"The image shows a small, dark-colored building with a sloped roof, situated in a residential area. The building has a small, overgrown bush in front of it and a driveway leading up to it. The surrounding area includes a gravel driveway and some greenery, including bushes and trees. The sky appears to be overcast.",C:\Users\Kavitha padala\Desktop\ANT project\vision_server\data\images\20260913T022918_unclassified_motion.jpg,13229
2026-09-13T02:30:21Z,pi-wildlife,heartbeat,heartbeat,0.9,85.5,0.0,"The scene shows a small, dark-colored building with a sloped roof, surrounded by a gravel driveway and some small bushes. The building has a few windows and a chimney. The area appears to be a residential or rural setting with trees in the background.",C:\Users\Kavitha padala\Desktop\ANT project\vision_server\data\images\20260913T023021_heartbeat.jpg,12932
2026-09-13T02:35:21Z,pi-wildlife,heartbeat,heartbeat,0.9,51.2,0.0,"The image shows a small, dark-colored building with a slanted roof, situated in a wooded area. The building has a few windows and a small porch area. The surrounding area includes some trees and shrubs, and the ground is covered with gravel or small stones. The scene appears to be at dusk or early evening, as the lighting is dim.",C:\Users\Kavitha padala\Desktop\ANT project\vision_server\data\images\20260913T023521_heartbeat.jpg,13118
2026-09-13T03:00:00Z,test-local,test,test,0.0,0.0,0.0,"The scene shows a residential area with a dark gray-sided building, possibly a house or a small community structure. In the background, there are trees and another building with a similar design. The foreground features a patch of dirt with some small plants and a bush with green leaves. There are no visible animals or people in the frame. The setting appears to be a quiet neighborhood with a mix of natural and man-made elements.",C:\Users\Kavitha padala\Desktop\ANT project\vision_server\data\images\20260913T030000_test.jpg,42744
2026-09-13T06:19:25Z,test-batch,wildlife_motion,wildlife_motion,0.85,120.0,5.0,"The image shows a person in motion, likely walking, with a blurred arm in the foreground. The background features a row of dark-colored buildings, possibly a residential or community setting, with some greenery and a paved area. The scene appears to be taken during the day.",C:\Users\Kavitha padala\Desktop\ANT project\vision_server\data\images\20260913T061925_wildlife_motion.jpg,11092
2026-09-13T06:19:53Z,test-batch,wildlife_person,person,0.85,120.0,5.0,"The image shows a person riding a bicycle on a paved path near a row of dark-colored buildings, possibly a residential or community complex. The area is surrounded by trees and has some small bushes and patches of grass in the foreground. The scene appears to be in a suburban or residential neighborhood.",C:\Users\Kavitha padala\Desktop\ANT project\vision_server\data\images\20260913T061953_person.jpg,10844
2026-09-13T06:20:30Z,test-batch,heartbeat,heartbeat,0.85,120.0,5.0,"The scene shows a residential area with a dark gray-sided building, possibly a house or a small community structure. There are some bushes and a small tree in the foreground, and the ground appears to be a mix of dirt and scattered leaves. In the background, there are trees and another building, suggesting a suburban or semi-rural setting. The area is quiet, with no visible wildlife or people in the immediate foreground.",C:\Users\Kavitha padala\Desktop\ANT project\vision_server\data\images\20260913T062030_heartbeat.jpg,4016
2026-09-13T06:21:50Z,test-batch,wildlife_motion,wildlife_motion,0.85,120.0,5.0,"The image shows a person in motion, likely walking, with a blurred arm in the foreground. The background features a row of dark-colored buildings, possibly a residential or community setting, with some greenery and a paved area. The scene appears to be taken during the day.",C:\Users\Kavitha padala\Desktop\ANT project\vision_server\data\images\20260913T062150_wildlife_motion.jpg,10724
2026-09-13T06:22:17Z,test-batch,wildlife_person,person,0.85,120.0,5.0,"The image shows a person riding a bicycle on a paved path near a row of dark-colored buildings, possibly a residential or community complex. The area is surrounded by trees and has some small bushes and patches of grass in the foreground. The scene appears to be in a suburban or residential neighborhood.",C:\Users\Kavitha padala\Desktop\ANT project\vision_server\data\images\20260913T062217_person.jpg,2540
2026-09-13T06:22:45Z,test-batch,heartbeat,heartbeat,0.85,120.0,5.0,"The scene shows a residential area with a dark gray-sided building, possibly a house or a small community structure. There are some bushes and a small tree in the foreground, and the ground appears to be a mix of dirt and scattered leaves. In the background, there are trees and another building, suggesting a suburban or semi-rural setting. The area is quiet, with no visible wildlife or people in the immediate foreground.",C:\Users\Kavitha padala\Desktop\ANT project\vision_server\data\images\20260913T062245_heartbeat.jpg,3760
2026-09-13T13:34:27Z,pi-wildlife,heartbeat,heartbeat,0.9,31.0,0.0,"The scene shows a dark, dimly lit area at dusk or early evening. A wooden building with a sloped roof is visible, with some lights on inside, suggesting it might be a residential or community building. The foreground is a dark, leaf-strewn ground, and there are trees and shrubs around the building. The area appears quiet and undisturbed.",C:\Users\Kavitha padala\Desktop\ANT project\vision_server\data\images\20260913T133427_heartbeat.jpg,14486
2026-09-13T13:39:27Z,pi-wildlife,heartbeat,heartbeat,0.9,59.2,0.0,"The image shows a dark, wooden building with a slanted roof, likely a cabin or lodge, at dusk or early evening. The area around the building is dimly lit, with some light coming from the interior of the building. The ground is covered with dirt and scattered leaves, and there are small bushes and trees nearby. The scene appears to be in a rural or forested area.",C:\Users\Kavitha padala\Desktop\ANT project\vision_server\data\images\20260913T133927_heartbeat.jpg,11655
2026-09-13T13:44:27Z,pi-wildlife,heartbeat,heartbeat,0.9,76.8,0.0,The scene shows a dark-colored building with a sloped roof and a covered porch area. The area in front of the building appears to be a driveway or paved area with some scattered leaves and small shrubs. The lighting suggests it is either early morning or late evening. There are no visible animals or people in the frame.,C:\Users\Kavitha padala\Desktop\ANT project\vision_server\data\images\20260913T134427_heartbeat.jpg,11123
2026-09-13T13:49:27Z,pi-wildlife,heartbeat,heartbeat,0.9,84.9,0.0,"The scene shows a dark-colored building with a sloped roof and a row of windows along the side. The ground in front of the building is covered with dirt and scattered leaves, suggesting a natural or semi-natural environment. The area appears to be in a residential or suburban setting, with trees visible in the background. There are no animals or people visible in the frame.",C:\Users\Kavitha padala\Desktop\ANT project\vision_server\data\images\20260913T134927_heartbeat.jpg,11610
2026-09-13T13:54:27Z,pi-wildlife,heartbeat,heartbeat,0.9,80.4,0.0,The image shows a dark-colored building with a sloped roof and a covered porch area. The ground in front of the building is bare with some scattered leaves and small plants. The setting appears to be a residential area with trees and other buildings visible in the background. There are no animals or people in the scene.,C:\Users\Kavitha padala\Desktop\ANT project\vision_server\data\images\20260913T135427_heartbeat.jpg,10828
2026-09-13T13:59:27Z,pi-wildlife,heartbeat,heartbeat,0.9,102.4,0.0,"The image shows a residential area with a dark-colored house and a row of similar houses in the background. The foreground features a small patch of ground with scattered leaves and a bush. The scene appears to be taken during the evening or early morning, as the sky is dim and the house has lights on. There are no visible animals or people in the frame.",C:\Users\Kavitha padala\Desktop\ANT project\vision_server\data\images\20260913T135927_heartbeat.jpg,11123
2026-09-13T14:04:27Z,pi-wildlife,heartbeat,heartbeat,0.9,131.6,0.0,"The scene shows a residential area with a dark brown house and a small bush in the foreground. The ground is covered with dirt and scattered leaves, suggesting a recent rain or wet conditions. The background includes other houses and trees, indicating a suburban setting.",C:\Users\Kavitha padala\Desktop\ANT project\vision_server\data\images\20260913T140427_heartbeat.jpg,10311
2026-09-13T14:09:27Z,pi-wildlife,heartbeat,heartbeat,0.9,134.1,0.0,"The scene shows a residential area with a dark brown house and a small bush in the foreground. The ground appears wet, suggesting recent rain, and there are scattered leaves on the ground. The background includes trees and another building, indicating a suburban setting.",C:\Users\Kavitha padala\Desktop\ANT project\vision_server\data\images\20260913T140927_heartbeat.jpg,10400
2026-09-13T14:14:27Z,pi-wildlife,heartbeat,heartbeat,0.9,131.0,0.0,"The scene shows a residential area with a dark brown house and a small tree in the foreground. The ground is wet, suggesting recent rain, and there are scattered leaves and debris on the ground. The background includes other houses and trees, indicating a suburban setting.",C:\Users\Kavitha padala\Desktop\ANT project\vision_server\data\images\20260913T141427_heartbeat.jpg,10526
2026-09-13T14:19:27Z,pi-wildlife,heartbeat,heartbeat,0.9,133.1,0.0,"The scene shows a residential area with a dark-sided house and a covered driveway. There are small bushes and some scattered leaves on the ground, suggesting it might be autumn. The area appears to be wet, possibly from recent rain. No animals or people are visible in the frame.",C:\Users\Kavitha padala\Desktop\ANT project\vision_server\data\images\20260913T141927_heartbeat.jpg,10536
2026-09-13T14:24:27Z,pi-wildlife,heartbeat,heartbeat,0.9,129.2,0.0,"The scene shows a residential area with a dark-colored house and a small garden area in the foreground. The ground appears wet, suggesting recent rain, and there are a few small bushes and plants. The background includes trees and another building, indicating a suburban setting.",C:\Users\Kavitha padala\Desktop\ANT project\vision_server\data\images\20260913T142427_heartbeat.jpg,11533
2026-09-13T14:29:27Z,pi-wildlife,heartbeat,heartbeat,0.9,132.4,0.0,"The scene shows a section of a residential area with a dark-colored house and a small garden area in the foreground. The ground is covered with dirt and scattered leaves, and there are a few small bushes with green and reddish leaves. The background includes trees and another building, suggesting a suburban setting. There are no animals or people visible in the frame.",C:\Users\Kavitha padala\Desktop\ANT project\vision_server\data\images\20260913T142927_heartbeat.jpg,11145
2026-09-13T14:34:27Z,pi-wildlife,heartbeat,heartbeat,0.9,129.0,0.0,"The scene shows a section of a residential area with a sloped-roof building, likely a garage or shed, surrounded by a small garden area with a few shrubs and some scattered leaves on the ground. The area appears to be damp, suggesting recent rain. The background includes other buildings and trees, indicating a suburban setting.",C:\Users\Kavitha padala\Desktop\ANT project\vision_server\data\images\20260913T143427_heartbeat.jpg,10936
2026-09-13T14:39:27Z,pi-wildlife,heartbeat,heartbeat,0.9,134.6,0.0,"The scene shows a residential area with a dark-sided building, possibly a house or a small community structure. There are small trees and shrubs in the foreground, and the ground appears wet, suggesting recent rain. The area is surrounded by other buildings and trees, indicating a suburban or semi-rural setting. No wildlife or people are visible in the frame.",C:\Users\Kavitha padala\Desktop\ANT project\vision_server\data\images\20260913T143927_heartbeat.jpg,11129
2026-09-13T14:44:27Z,pi-wildlife,heartbeat,heartbeat,0.9,129.1,0.0,"The scene shows a small, dark-colored building with a sloped roof, likely a shed or small structure, situated in a residential area. The ground in front of the building is wet and muddy, suggesting recent rain. There are a few small trees and shrubs around the area, and the background includes other houses and trees, indicating a suburban setting. No animals or people are visible in the frame.",C:\Users\Kavitha padala\Desktop\ANT project\vision_server\data\images\20260913T144427_heartbeat.jpg,11656
2026-09-13T14:49:27Z,pi-wildlife,heartbeat,heartbeat,0.9,132.7,0.0,"The scene shows a residential area with a house and a carport. The ground is wet, suggesting recent rain, and there are some small trees and shrubs in the foreground. The area appears to be a suburban neighborhood.",C:\Users\Kavitha padala\Desktop\ANT project\vision_server\data\images\20260913T144927_heartbeat.jpg,10206
2026-09-13T14:54:27Z,pi-wildlife,heartbeat,heartbeat,0.9,132.8,0.0,"The scene shows a section of a residential area with a gray-sided building, possibly a house or a community center, and a covered walkway. There are small trees and shrubs in the foreground, with some leaves scattered on the ground, suggesting recent rain or a damp environment. The area appears quiet with no visible wildlife or people.",C:\Users\Kavitha padala\Desktop\ANT project\vision_server\data\images\20260913T145427_heartbeat.jpg,11058
2026-09-13T14:59:27Z,pi-wildlife,heartbeat,heartbeat,0.9,129.6,0.0,"The scene shows a residential area with a dark-colored house and a carport. There are some small bushes and a patch of dirt in the foreground, with scattered leaves. The area appears to be wet, suggesting recent rain. The background includes trees and another building, indicating a suburban setting.",C:\Users\Kavitha padala\Desktop\ANT project\vision_server\data\images\20260913T145927_heartbeat.jpg,10729
2026-09-13T15:04:27Z,pi-wildlife,heartbeat,heartbeat,0.9,128.1,0.0,"The scene shows a small, dark green building with a sloped roof, likely a shed or garage, situated in a residential area. The ground in front of the building is wet and muddy, suggesting recent rain. There are a few small trees and shrubs around the area, and the background includes other houses and trees, indicating a suburban setting. No animals or people are visible in the frame.",C:\Users\Kavitha padala\Desktop\ANT project\vision_server\data\images\20260913T150427_heartbeat.jpg,11449
2026-09-13T15:09:27Z,pi-wildlife,heartbeat,heartbeat,0.9,131.8,0.0,"The scene shows a wet, muddy area in front of a building with a sloped roof, likely a shed or small structure. There are small bushes and some scattered leaves on the ground, suggesting recent rain. The area appears to be part of a residential or possibly a community space, given the presence of other similar buildings in the background. No animals or people are visible in the frame.",C:\Users\Kavitha padala\Desktop\ANT project\vision_server\data\images\20260913T150927_heartbeat.jpg,11447
2026-09-13T15:14:27Z,pi-wildlife,heartbeat,heartbeat,0.9,132.8,0.0,"The scene shows a residential area with a dark-colored house and a carport. The ground is wet, suggesting recent rain, and there are small bushes and some scattered leaves. The area appears to be a backyard or a driveway. No animals or people are visible in the frame.",C:\Users\Kavitha padala\Desktop\ANT project\vision_server\data\images\20260913T151427_heartbeat.jpg,10626
2026-09-13T15:19:27Z,pi-wildlife,heartbeat,heartbeat,0.9,132.4,0.0,"The scene shows a section of a residential area with a dark-colored building, possibly a garage or shed, and a small tree in the foreground. The ground appears wet, suggesting recent rain, and there are scattered leaves and debris around the tree. The background includes other buildings and trees, indicating a suburban setting.",C:\Users\Kavitha padala\Desktop\ANT project\vision_server\data\images\20260913T151927_heartbeat.jpg,10842
2026-09-13T15:24:27Z,pi-wildlife,heartbeat,heartbeat,0.9,131.9,0.0,"The scene shows a residential area with a dark gray-sided house and a covered driveway. There are a few small trees and shrubs in the foreground, with some leaves scattered on the ground, suggesting recent rain or wind. The area appears to be a suburban neighborhood with other houses visible in the background.",C:\Users\Kavitha padala\Desktop\ANT project\vision_server\data\images\20260913T152427_heartbeat.jpg,10737
2026-09-13T15:29:27Z,pi-wildlife,heartbeat,heartbeat,0.9,129.3,0.0,"The scene shows a section of a residential area with a dark gray-sided building, possibly a garage or shed, and a small tree in the foreground. The ground is wet, suggesting recent rain, and there are scattered leaves and debris on the ground. The background includes other buildings and trees, indicating a suburban setting.",C:\Users\Kavitha padala\Desktop\ANT project\vision_server\data\images\20260913T152927_heartbeat.jpg,10932
2026-09-13T15:34:27Z,pi-wildlife,heartbeat,heartbeat,0.9,129.5,0.0,"The scene shows a residential area with a dark-colored house and a carport. There are small trees and shrubs in the foreground, and the ground appears wet, suggesting recent rain. The area is surrounded by other houses and trees, indicating a suburban setting.",C:\Users\Kavitha padala\Desktop\ANT project\vision_server\data\images\20260913T153427_heartbeat.jpg,10422
2026-09-13T15:39:27Z,pi-wildlife,heartbeat,heartbeat,0.9,132.1,0.0,"The scene shows a residential area with a dark green-sided building, possibly a house or a community center, and a paved area in front. There are a few small trees and shrubs with autumn-colored leaves scattered on the ground, indicating the season. The area appears to be wet, suggesting recent rain. The background includes more trees and a glimpse of another building with a sloped roof.",C:\Users\Kavitha padala\Desktop\ANT project\vision_server\data\images\20260913T153927_heartbeat.jpg,12009
2026-09-13T15:44:27Z,pi-wildlife,heartbeat,heartbeat,0.9,131.2,0.0,"The scene shows a section of a building with a sloped roof and siding, surrounded by a small area of dirt and scattered leaves. There are a few small trees and shrubs in the foreground, and the ground appears wet, suggesting recent rain. The location seems to be a residential or possibly a community building, given the structure and the surrounding greenery.",C:\Users\Kavitha padala\Desktop\ANT project\vision_server\data\images\20260913T154427_heartbeat.jpg,11352
2026-09-13T15:49:27Z,pi-wildlife,heartbeat,heartbeat,0.9,131.8,0.0,"The scene shows a residential area with a gray-sided house and a covered driveway. There are small bushes and a tree in the foreground, with some scattered leaves on the ground. The area appears to be wet, suggesting recent rain. The background includes other houses and trees, indicating a suburban setting.",C:\Users\Kavitha padala\Desktop\ANT project\vision_server\data\images\20260913T154927_heartbeat.jpg,10725
2026-09-13T15:54:27Z,pi-wildlife,heartbeat,heartbeat,0.9,132.0,0.0,"The scene shows a residential area with a dark gray-sided building, possibly a garage or shed, surrounded by a small garden area with a few bushes and some scattered leaves on the ground. The area appears to be wet, suggesting recent rain. The background includes trees and another building with a sloped roof. There are no visible animals or people in the frame.",C:\Users\Kavitha padala\Desktop\ANT project\vision_server\data\images\20260913T155427_heartbeat.jpg,11267
2026-09-13T15:59:27Z,pi-wildlife,heartbeat,heartbeat,0.9,132.8,0.0,"The scene shows a residential area with a dark-colored house and a covered driveway. There are a few small trees and shrubs in the foreground, and the ground appears wet, suggesting recent rain. The area is surrounded by other houses and trees, indicating a suburban setting.",C:\Users\Kavitha padala\Desktop\ANT project\vision_server\data\images\20260913T155927_heartbeat.jpg,18683
2026-09-13T15:59:30Z,pi-wildlife,wildlife_person,person,0.9,132.6,18.87,"The image shows a person outdoors, wearing a gray hoodie and a light-colored shirt, with their hand raised near their face. The background includes a building with a sloped roof and some greenery, suggesting a residential or suburban setting. The ground appears wet, indicating recent rain.",C:\Users\Kavitha padala\Desktop\ANT project\vision_server\data\images\20260913T155930_person.jpg,10612
2026-09-13T16:04:27Z,pi-wildlife,heartbeat,heartbeat,0.9,133.7,0.0,"The scene shows a section of a residential area with a dark-colored house and a covered driveway. There are a few small trees and shrubs in the foreground, and the ground appears wet, suggesting recent rain. The background includes more trees and parts of other buildings, indicating a suburban setting.",C:\Users\Kavitha padala\Desktop\ANT project\vision_server\data\images\20260913T160427_heartbeat.jpg,10696
2026-09-13T09:09:14,pi-wildlife,heartbeat,heartbeat,0.9,126.1,0.0,"The scene shows a section of a residential area with a dark-colored house and a row of attached garages. The ground is wet, suggesting recent rain, and there are small trees and shrubs in the foreground. The area appears quiet with no visible wildlife or people.",C:\Users\Kavitha padala\Desktop\ANT project\vision_server\data\images\20260913T090914_heartbeat.jpg,11536
2026-09-13T09:14:11,pi-wildlife,heartbeat,heartbeat,0.9,132.6,0.0,"The scene shows a section of a residential area with a dark brown house and a small garden area in the foreground. The ground is wet, suggesting recent rain, and there are a few small bushes and a tree with green leaves. The location appears to be a suburban neighborhood.",C:\Users\Kavitha padala\Desktop\ANT project\vision_server\data\images\20260913T091411_heartbeat.jpg,32226
2026-09-13T09:19:11,pi-wildlife,heartbeat,heartbeat,0.9,128.7,0.0,"The scene shows a section of a building with a sloped roof and siding, surrounded by a small landscaped area with a few bushes and some scattered leaves on the ground. The location appears to be a residential or community setting, possibly a school or community center, given the structure and the surrounding greenery. There are no animals or people visible in the frame.",C:\Users\Kavitha padala\Desktop\ANT project\vision_server\data\images\20260913T091911_heartbeat.jpg,11239
2026-09-13T09:24:11,pi-wildlife,heartbeat_person,person,0.9,130.8,0.0,"The image shows a person wearing a dark hooded jacket walking past a building with a sloped roof and siding. The ground is wet, suggesting recent rain, and there are small trees and shrubs in the foreground. The setting appears to be a residential or community area with other buildings visible in the background.",C:\Users\Kavitha padala\Desktop\ANT project\vision_server\data\images\20260913T092411_person.jpg,10817
2026-09-13T09:24:50,pi-wildlife,unclassified_motion,unclassified_motion,0.9,131.6,1.23,The scene shows a residential area with a parked silver car in front of a dark brown garage. The ground is covered with gravel and there are small trees and shrubs around. The setting appears to be a suburban neighborhood with trees visible in the background. There are no animals or people in the frame.,C:\Users\Kavitha padala\Desktop\ANT project\vision_server\data\images\20260913T092450_unclassified_motion.jpg,10838
2026-09-13T09:29:11,pi-wildlife,heartbeat,heartbeat,0.9,132.6,0.0,"The scene shows a section of a building with a sloped roof and siding, surrounded by a small landscaped area with a few bushes and some scattered leaves on the ground. The area appears to be part of a residential or institutional setting, possibly a school or community center, given the structure and the surrounding greenery. There are no visible animals or people in the frame.",C:\Users\Kavitha padala\Desktop\ANT project\vision_server\data\images\20260913T092911_heartbeat.jpg,11248
2026-09-13T09:33:26,pi-wildlife,wildlife_person,person,0.9,132.0,1.21,"The scene shows a person in a green jacket walking near a parked silver car in front of a dark brown house with a sloped roof. The ground is wet, suggesting recent rain, and there are some small plants and a bush in the foreground. The setting appears to be a residential area with trees in the background.",C:\Users\Kavitha padala\Desktop\ANT project\vision_server\data\images\20260913T093326_person.jpg,10856
2026-09-13T09:33:41,pi-wildlife,unclassified_motion,unclassified_motion,0.9,130.4,1.17,"The scene shows a residential area with a dark-colored house and a car parked in the driveway. There are small trees and shrubs in the foreground, and the ground appears to be wet, possibly from recent rain. The location seems to be a suburban neighborhood.",C:\Users\Kavitha padala\Desktop\ANT project\vision_server\data\images\20260913T093341_unclassified_motion.jpg,10548
2026-09-13T09:34:11,pi-wildlife,heartbeat,heartbeat,0.9,130.4,0.0,"The scene shows a residential area with a dark gray-sided building, possibly a garage or shed, surrounded by a small garden area with a few bushes and some scattered leaves on the ground. The area appears to be wet, suggesting recent rain. The background includes trees and other buildings, indicating a suburban setting.",C:\Users\Kavitha padala\Desktop\ANT project\vision_server\data\images\20260913T093411_heartbeat.jpg,10759
2026-09-13T09:39:11,pi-wildlife,heartbeat,heartbeat,0.9,129.6,0.0,"The scene shows a section of a building with a sloped roof and siding, surrounded by a small garden area with a few plants. The ground appears damp, suggesting recent rain, and there are scattered leaves and debris on the ground. The location seems to be a residential or community area with other buildings visible in the background.",C:\Users\Kavitha padala\Desktop\ANT project\vision_server\data\images\20260913T093911_heartbeat.jpg,10920
2026-09-13T09:44:11,pi-wildlife,heartbeat,heartbeat,0.9,135.4,0.0,"The scene shows a section of a residential area with a dark-colored house and a row of attached garages. There are a few small trees and shrubs in the foreground, and the ground appears to be wet, suggesting recent rain. The area is surrounded by other houses and trees, indicating a suburban setting.",C:\Users\Kavitha padala\Desktop\ANT project\vision_server\data\images\20260913T094411_heartbeat.jpg,10833
2026-09-13T09:49:11,pi-wildlife,heartbeat,heartbeat,0.9,131.2,0.0,"The scene shows a residential area with a dark gray-sided building, possibly a garage or shed, surrounded by a small garden area with a few shrubs and a tree. The ground appears wet, suggesting recent rain, and there are scattered leaves and debris on the ground. The background includes other buildings and trees, indicating a suburban setting.",C:\Users\Kavitha padala\Desktop\ANT project\vision_server\data\images\20260913T094911_heartbeat.jpg,11039
2026-09-13T09:54:11,pi-wildlife,heartbeat,heartbeat,0.9,131.3,0.0,"The scene shows a section of a building with a sloped roof and siding, likely a community or institutional structure. The ground in front of the building is bare soil with some scattered leaves and small plants. The area appears to be part of a parking lot or open space, with trees and other buildings visible in the background. The environment suggests a quiet, possibly residential or institutional setting.",C:\Users\Kavitha padala\Desktop\ANT project\vision_server\data\images\20260913T095411_heartbeat.jpg,11833
2026-09-13T09:59:11,pi-wildlife,heartbeat,heartbeat,0.9,134.9,0.0,"The scene shows a section of a residential area with a dark-colored house and a small garden area in the foreground. The garden has a few small trees and shrubs, some of which have red and green foliage. The ground appears damp, suggesting recent rain. The background includes other houses and trees, indicating a suburban setting. There are no visible animals or people in the frame.",C:\Users\Kavitha padala\Desktop\ANT project\vision_server\data\images\20260913T095911_heartbeat.jpg,11555
2026-09-13T10:04:11,pi-wildlife,heartbeat,heartbeat,0.9,137.1,0.0,"The scene shows a section of a residential area with a dark-colored house and a carport. There are some small trees and shrubs in the foreground, and the ground appears to be wet, suggesting recent rain. The area looks quiet with no visible wildlife or people.",C:\Users\Kavitha padala\Desktop\ANT project\vision_server\data\images\20260913T100411_heartbeat.jpg,10627
2026-09-13T10:09:11,pi-wildlife,heartbeat,heartbeat,0.9,133.8,0.0,"The scene shows a section of a building with a sloped roof and siding, likely a shed or small structure. In the foreground, there are small trees and shrubs with some fallen leaves scattered on the ground, suggesting a recent rain or wet conditions. The location appears to be a residential or possibly a community area, given the presence of other buildings in the background.",C:\Users\Kavitha padala\Desktop\ANT project\vision_server\data\images\20260913T100911_heartbeat.jpg,11315
2026-09-13T10:14:11,pi-wildlife,heartbeat,heartbeat,0.9,130.7,0.0,"The scene shows a section of a residential area with a dark gray-sided building, possibly a garage or shed, and a paved driveway. There are a few small trees and shrubs in the foreground, with some scattered leaves on the ground. The background includes more trees and a glimpse of another building, suggesting a suburban setting. No animals or people are visible in the frame.",C:\Users\Kavitha padala\Desktop\ANT project\vision_server\data\images\20260913T101411_heartbeat.jpg,11660
2026-09-13T10:19:11,pi-wildlife,heartbeat,heartbeat,0.9,134.0,0.0,"The scene shows a section of a residential area with a dark gray-sided building, possibly a garage or shed, and a small tree with green foliage in the foreground. The ground is covered with dirt and scattered leaves, suggesting a recent rain or wet conditions. The background includes other buildings and trees, indicating a suburban or semi-rural setting. There are no visible animals or people in the frame.",C:\Users\Kavitha padala\Desktop\ANT project\vision_server\data\images\20260913T101911_heartbeat.jpg,11665
2026-09-13T10:24:12,pi-wildlife,heartbeat,heartbeat,0.9,131.6,0.0,"The scene shows a section of a residential area with a gray-sided building, possibly a garage or shed, surrounded by a small patch of dirt and some greenery. The ground appears damp, suggesting recent rain. The area is bordered by trees and other vegetation, indicating a suburban or semi-rural setting. No wildlife or people are visible in the frame.",C:\Users\Kavitha padala\Desktop\ANT project\vision_server\data\images\20260913T102412_heartbeat.jpg,11449
2026-09-13T10:29:12,pi-wildlife,heartbeat,heartbeat,0.9,132.5,0.0,"The scene shows a section of a residential area with a dark green-sided building, possibly a garage or shed, and a small tree in the foreground. The ground is bare with some scattered leaves, suggesting it might be autumn. The area appears to be a backyard or a similar outdoor space. There are no animals or people visible in the frame.",C:\Users\Kavitha padala\Desktop\ANT project\vision_server\data\images\20260913T102912_heartbeat.jpg,11102
2026-09-13T10:34:12,pi-wildlife,heartbeat,heartbeat,0.9,132.9,0.0,"The scene shows a residential area with a gray-sided building, possibly a garage or shed, surrounded by a small patch of dirt and some greenery. The area appears to be wet, suggesting recent rain. There are no visible animals or people in the frame. The location seems to be a suburban neighborhood with trees and other buildings in the background.",C:\Users\Kavitha padala\Desktop\ANT project\vision_server\data\images\20260913T103412_heartbeat.jpg,11145
2026-09-13T10:39:12,pi-wildlife,heartbeat,heartbeat,0.9,134.4,0.0,"The scene shows a section of a residential area with a dark-colored building, possibly a garage or shed, and a small tree in the foreground. The ground is covered with dirt and scattered leaves, suggesting a yard or garden space. The area appears to be quiet with no visible wildlife or people in the frame.",C:\Users\Kavitha padala\Desktop\ANT project\vision_server\data\images\20260913T103912_heartbeat.jpg,10826
2026-09-13T10:44:12,pi-wildlife,heartbeat,heartbeat,0.9,133.2,0.0,"The scene shows a section of a residential area with a dark brown house and a small garden area in the foreground. The ground is covered with dirt and scattered leaves, and there are a few small bushes and plants. The background includes trees and another building, suggesting a suburban setting. There are no animals or people visible in the frame.",C:\Users\Kavitha padala\Desktop\ANT project\vision_server\data\images\20260913T104412_heartbeat.jpg,10927
2026-09-13T10:49:12,pi-wildlife,heartbeat,heartbeat,0.9,131.3,0.0,"The scene shows a section of a residential area with a gray-sided building, possibly a garage or shed, and a small tree in the foreground. The ground is covered with dirt and scattered leaves, suggesting a recent rain or change in seasons. The background includes other buildings and trees, indicating a suburban setting. There are no animals or people visible in the frame.",C:\Users\Kavitha padala\Desktop\ANT project\vision_server\data\images\20260913T104912_heartbeat.jpg,11142
2026-09-13T10:49:39,pi-wildlife,unclassified_motion,unclassified_motion,0.9,130.9,1.54,"The scene shows a section of a residential area with a dark gray-sided building, possibly a garage or carport, and a parked white car under its awning. The foreground features a patch of bare soil with some scattered leaves and small shrubs. The background includes trees and another building, suggesting a suburban setting. There are no animals or people visible in the frame.",C:\Users\Kavitha padala\Desktop\ANT project\vision_server\data\images\20260913T104939_unclassified_motion.jpg,11304
2026-09-13T10:50:03,pi-wildlife,unclassified_motion,unclassified_motion,0.9,129.4,1.38,"The scene shows a residential area with a gray-sided house and a parked silver car in the driveway. There are some small trees and shrubs in the foreground, and the ground appears to be a mix of dirt and scattered leaves. The setting suggests a quiet suburban neighborhood.",C:\Users\Kavitha padala\Desktop\ANT project\vision_server\data\images\20260913T105003_unclassified_motion.jpg,10954
2026-09-13T10:54:12,pi-wildlife,heartbeat,heartbeat,0.9,135.0,0.0,"The scene shows a section of a residential area with a dark-colored house and a small garden area in the foreground. The ground is covered with dirt and scattered leaves, and there are a few small bushes and plants. The area appears to be wet, suggesting recent rain. There are no visible animals or people in the frame.",C:\Users\Kavitha padala\Desktop\ANT project\vision_server\data\images\20260913T105412_heartbeat.jpg,11392
2026-09-13T10:59:12,pi-wildlife,heartbeat,heartbeat,0.9,134.3,0.0,"The scene shows a section of a residential area with a dark gray-sided building, possibly a garage or shed, surrounded by some greenery and a small bush. The ground is covered with dirt and scattered leaves, suggesting a recent rain or wet conditions. The area appears quiet with no visible wildlife or people in the frame.",C:\Users\Kavitha padala\Desktop\ANT project\vision_server\data\images\20260913T105912_heartbeat.jpg,10801
2026-09-13T11:04:12,pi-wildlife,heartbeat,heartbeat,0.9,135.2,0.0,"The scene shows a section of a residential area with a gray-sided building, possibly a garage or shed, and a small tree in the foreground. The ground is covered with dirt and scattered leaves, suggesting a yard or garden space. The background includes other buildings and trees, indicating a suburban setting. There are no animals or people visible in the frame.",C:\Users\Kavitha padala\Desktop\ANT project\vision_server\data\images\20260913T110412_heartbeat.jpg,11187
2026-09-13T11:05:39,pi-wildlife,wildlife_person,person,0.9,135.2,7.7,"The image shows a person standing outdoors in a residential area, holding a small object in their right hand. The person is wearing a yellow and gray t-shirt and dark shorts. The background includes a house with a sloped roof and some greenery, suggesting a suburban setting.",C:\Users\Kavitha padala\Desktop\ANT project\vision_server\data\images\20260913T110539_person.jpg,10630
2026-09-13T11:09:12,pi-wildlife,heartbeat,heartbeat,0.9,135.3,0.0,"The scene shows a residential area with a house and a small garden area in the foreground. The ground is covered with dirt and scattered leaves, and there are a few small bushes and plants. The house has a dark-colored exterior with a sloped roof. The background includes trees and another building, suggesting a suburban setting. There are no animals or people visible in the scene.",C:\Users\Kavitha padala\Desktop\ANT project\vision_server\data\images\20260913T110912_heartbeat.jpg,17363
2026-09-13T11:14:12,pi-wildlife,heartbeat,heartbeat,0.9,138.7,0.0,"The scene shows a section of a residential area with a brown-sided building, possibly a garage or shed, surrounded by some greenery and a small tree. The ground is covered with dirt and scattered leaves, suggesting it might be autumn. The area appears quiet with no visible wildlife or people in the frame.",C:\Users\Kavitha padala\Desktop\ANT project\vision_server\data\images\20260913T111412_heartbeat.jpg,11862
2026-09-13T11:19:12,pi-wildlife,heartbeat,heartbeat,0.9,136.8,0.0,"The scene shows a section of a residential area with a dark-colored house and a small garden area in the foreground. The garden includes a few shrubs and some scattered leaves on the ground, suggesting it might be autumn. The background includes trees and another building, indicating a suburban setting. There are no animals or people visible in the frame.",C:\Users\Kavitha padala\Desktop\ANT project\vision_server\data\images\20260913T111912_heartbeat.jpg,12143
2026-09-13T11:24:12,pi-wildlife,heartbeat,heartbeat,0.9,136.0,0.0,"The scene shows a section of a building with a sloped roof and siding, surrounded by some greenery and a small bush. The ground is covered with dirt and scattered leaves, suggesting a natural or semi-natural environment. The area appears to be part of a residential or community setting, given the structure and landscaping.",C:\Users\Kavitha padala\Desktop\ANT project\vision_server\data\images\20260913T112412_heartbeat.jpg,18625
2026-09-13T11:29:12,pi-wildlife,heartbeat,heartbeat,0.9,131.9,0.0,"The scene shows a residential area with a gray-sided building, possibly a garage or shed, surrounded by a small patch of dirt and some greenery, including a bush and a small tree. The ground is scattered with leaves and debris, suggesting it might be autumn. The background includes other buildings and trees, indicating a suburban setting. There are no animals or people visible in the frame.",C:\Users\Kavitha padala\Desktop\ANT project\vision_server\data\images\20260913T112912_heartbeat.jpg,12989
2026-09-13T11:34:12,pi-wildlife,heartbeat,heartbeat,0.9,135.5,0.0,"The scene shows a residential area with a gray-sided building, possibly a garage or shed, surrounded by a small patch of dirt and some greenery. The area appears to be in a suburban setting, with trees and other buildings visible in the background. There are no animals or people in the frame.",C:\Users\Kavitha padala\Desktop\ANT project\vision_server\data\images\20260913T113412_heartbeat.jpg,12491
2026-09-13T11:39:12,pi-wildlife,heartbeat,heartbeat,0.9,134.4,0.0,"The scene shows a residential area with a dark brown house and a small garden area in the foreground. There are a few bushes and some scattered leaves on the ground, suggesting it might be autumn. The background includes trees and another building, indicating a suburban setting. No animals or people are visible in the frame.",C:\Users\Kavitha padala\Desktop\ANT project\vision_server\data\images\20260913T113912_heartbeat.jpg,12362
2026-09-13T11:44:12,pi-wildlife,heartbeat,heartbeat,0.9,134.4,0.0,"The scene shows a section of a residential area with a dark gray-sided building, possibly a garage or shed, and a small tree with green foliage in the foreground. The ground is covered with dirt and scattered leaves, suggesting a yard or garden space. The background includes other buildings and trees, indicating a suburban setting. There are no animals or people visible in the frame.",C:\Users\Kavitha padala\Desktop\ANT project\vision_server\data\images\20260913T114412_heartbeat.jpg,12787
2026-09-13T12:04:12,pi-wildlife,heartbeat,heartbeat,0.9,132.5,0.0,"The scene shows a residential area with a dark gray-sided building, possibly a garage or shed, surrounded by a small patch of dirt and some greenery. The ground is scattered with fallen leaves, suggesting it might be autumn. The area appears quiet with no visible wildlife or people in the frame.",C:\Users\Kavitha padala\Desktop\ANT project\vision_server\data\images\20260913T120412_heartbeat.jpg,33414
2026-09-13T12:09:12,pi-wildlife,heartbeat,heartbeat,0.9,129.2,0.0,"The scene shows a residential area with a gray-sided building, possibly a garage or shed, surrounded by a small patch of dirt and some greenery. The area appears to be part of a suburban neighborhood, with trees and other buildings visible in the background. There are no animals or people in the frame.",C:\Users\Kavitha padala\Desktop\ANT project\vision_server\data\images\20260913T120912_heartbeat.jpg,27651
2026-09-13T12:14:12,pi-wildlife,heartbeat,heartbeat,0.9,135.5,0.0,"The scene shows a residential area with a dark brown house and a small bush in the foreground. The ground is covered with dirt and scattered leaves, suggesting a yard or garden space. The background includes other houses and trees, indicating a suburban setting. There are no animals or people visible in the frame.",C:\Users\Kavitha padala\Desktop\ANT project\vision_server\data\images\20260913T121412_heartbeat.jpg,8028
2026-09-13T12:19:12,pi-wildlife,heartbeat,heartbeat,0.9,136.7,0.0,"The scene shows a residential area with a house and a small garden area in the foreground. The garden has a few bushes and some scattered leaves on the ground, suggesting it might be autumn. The house has a dark-colored exterior and a sloped roof. The background includes more houses and trees, indicating a suburban setting.",C:\Users\Kavitha padala\Desktop\ANT project\vision_server\data\images\20260913T121912_heartbeat.jpg,8131
2026-09-13T12:24:12,pi-wildlife,heartbeat,heartbeat,0.9,138.2,0.0,"The scene shows a section of a residential area with a dark brown house and a driveway. There are some small bushes and a tree with green foliage in the foreground. The ground is covered with dirt and scattered leaves, suggesting it might be autumn. The background includes other houses and trees, indicating a suburban setting.",C:\Users\Kavitha padala\Desktop\ANT project\vision_server\data\images\20260913T122412_heartbeat.jpg,7921
2026-09-13T12:24:27,pi-wildlife,unclassified_motion,unclassified_motion,0.9,136.7,1.16,"The scene shows a residential area with a dark brown house and a parked silver car in the driveway. There are some small trees and shrubs in the foreground, and the ground appears to be a mix of dirt and scattered leaves. The setting suggests a quiet neighborhood.",C:\Users\Kavitha padala\Desktop\ANT project\vision_server\data\images\20260913T122427_unclassified_motion.jpg,7513
2026-09-13T12:29:12,pi-wildlife,heartbeat,heartbeat,0.9,130.3,0.0,"The scene shows a section of a residential area with a gray-sided building, possibly a garage or shed, surrounded by a small patch of dirt and some greenery. The area appears to be in a suburban setting, with trees and other buildings visible in the background. There are no animals or people in the frame.",C:\Users\Kavitha padala\Desktop\ANT project\vision_server\data\images\20260913T122912_heartbeat.jpg,8028
2026-09-13T12:34:12,pi-wildlife,heartbeat,heartbeat,0.9,134.3,0.0,"The scene shows a residential area with a dark gray-sided building, possibly a garage or shed, surrounded by a small patch of dirt and some greenery. In the background, there are trees and a parked car, indicating a suburban setting. The area appears calm with no visible wildlife or people in the frame.",C:\Users\Kavitha padala\Desktop\ANT project\vision_server\data\images\20260913T123412_heartbeat.jpg,7939
2026-09-13T12:39:12,pi-wildlife,heartbeat,heartbeat,0.9,129.7,0.0,"The scene shows a section of a residential area with a dark gray building, possibly a garage or shed, surrounded by some greenery and a small bush. The ground is covered with dirt and scattered leaves, suggesting it might be autumn. The area appears to be part of a suburban neighborhood with other buildings visible in the background. There are no animals or people in the frame.",C:\Users\Kavitha padala\Desktop\ANT project\vision_server\data\images\20260913T123912_heartbeat.jpg,8671
2026-09-13T12:44:12,pi-wildlife,heartbeat,heartbeat,0.9,131.1,0.0,"The scene shows a section of a residential area with a dark brown-sided building, possibly a garage or shed, surrounded by a small patch of dirt and some greenery. The ground is scattered with leaves and small stones, and there are a few small trees and shrubs in the foreground. The background includes more trees and parts of other buildings, suggesting a suburban setting. There are no animals or people visible in the frame.",C:\Users\Kavitha padala\Desktop\ANT project\vision_server\data\images\20260913T124412_heartbeat.jpg,9289
2026-09-13T12:49:12,pi-wildlife,heartbeat,heartbeat,0.9,134.1,0.0,"The scene shows a residential area with a dark gray-sided house and a small tree in the foreground. The ground is covered with dirt and scattered leaves, suggesting a yard or garden space. The background includes other houses and trees, indicating a suburban setting. There are no animals or people visible in the frame.",C:\Users\Kavitha padala\Desktop\ANT project\vision_server\data\images\20260913T124912_heartbeat.jpg,7860
2026-09-13T12:54:12,pi-wildlife,heartbeat,heartbeat,0.9,134.1,0.0,"The scene shows a residential area with a dark gray-sided building, likely a garage or shed, surrounded by a small patch of dirt and some greenery. The area appears to be part of a suburban neighborhood, with other houses and trees visible in the background. There are no animals or people in the frame, and the ground is scattered with leaves and small rocks. The environment suggests a calm, quiet day.",C:\Users\Kavitha padala\Desktop\ANT project\vision_server\data\images\20260913T125412_heartbeat.jpg,9325
2026-09-13T12:59:12,pi-wildlife,heartbeat,heartbeat,0.9,129.6,0.0,"The scene shows a residential area with a dark gray-sided building, possibly a garage or shed, surrounded by a small patch of dirt and some greenery. The area appears to be part of a suburban neighborhood, with trees and other buildings visible in the background. There are no animals or people in the frame.",C:\Users\Kavitha padala\Desktop\ANT project\vision_server\data\images\20260913T125912_heartbeat.jpg,8070
2026-09-13T13:04:12,pi-wildlife,heartbeat,heartbeat,0.9,130.9,0.0,"The scene shows a residential area with a dark gray-sided building, likely a garage or shed, surrounded by a small patch of dirt and some greenery. The area appears to be part of a suburban neighborhood, with other houses visible in the background. There are no animals or people in the frame, and the ground is scattered with leaves and small rocks. The setting suggests a quiet, possibly autumnal day.",C:\Users\Kavitha padala\Desktop\ANT project\vision_server\data\images\20260913T130412_heartbeat.jpg,9309
2026-09-13T13:09:12,pi-wildlife,heartbeat,heartbeat,0.9,132.0,0.0,"The scene shows a residential area with a dark brown house and a small garden area in the foreground. The garden has a few bushes and some scattered leaves on the ground. The background includes a parking area and other houses, suggesting a suburban setting. There are no animals or people visible in the frame.",C:\Users\Kavitha padala\Desktop\ANT project\vision_server\data\images\20260913T130912_heartbeat.jpg,7844
2026-09-13T13:13:45,pi-wildlife,unclassified_motion,unclassified_motion,0.9,130.3,1.23,"The scene shows a residential area with a dark green-sided house and a parked silver car in the driveway. There are small bushes and scattered leaves on the ground, suggesting it might be autumn. The location appears to be a suburban neighborhood with other houses visible in the background.",C:\Users\Kavitha padala\Desktop\ANT project\vision_server\data\images\20260913T131345_unclassified_motion.jpg,7884
2026-09-13T13:14:12,pi-wildlife,heartbeat,heartbeat,0.9,131.0,0.0,"The scene shows a residential area with a dark gray-sided house and a small garden area in the foreground. The garden has a few bushes and some scattered leaves on the ground. The background includes other houses and trees, suggesting a suburban neighborhood. There are no animals or people visible in the scene.",C:\Users\Kavitha padala\Desktop\ANT project\vision_server\data\images\20260913T131412_heartbeat.jpg,8145
2026-09-13T13:16:06,pi-wildlife,wildlife_person,person,0.9,132.4,1.25,"The image shows a person standing outside a house, wearing a light-colored coat and dark pants, with a backpack. The setting appears to be a residential area with a driveway and some greenery, including bushes and small trees. The ground is covered with dirt and scattered leaves, suggesting it might be autumn. The person seems to be looking towards the house or the surrounding area.",C:\Users\Kavitha padala\Desktop\ANT project\vision_server\data\images\20260913T131606_person.jpg,8848
2026-09-13T13:19:12,pi-wildlife,heartbeat,heartbeat,0.9,131.1,0.0,"The scene shows a residential area with a dark-colored house and a small garden area in the foreground. The garden has a few bushes and some scattered leaves on the ground, suggesting it might be autumn. The background includes other houses and trees, indicating a suburban setting. There are no animals or people visible in the scene.",C:\Users\Kavitha padala\Desktop\ANT project\vision_server\data\images\20260913T131912_heartbeat.jpg,8494
2026-09-13T13:24:12,pi-wildlife,heartbeat,heartbeat,0.9,133.6,0.0,"The scene shows a section of a residential area with a dark green-sided building, possibly a garage or shed, surrounded by a small garden area with a few bushes and scattered leaves. The ground is mostly bare soil with some small plants and rocks. The background includes trees and another building, suggesting a suburban setting. There are no animals or people visible in the frame.",C:\Users\Kavitha padala\Desktop\ANT project\vision_server\data\images\20260913T132412_heartbeat.jpg,8966
2026-09-13T13:29:12,pi-wildlife,heartbeat,heartbeat,0.9,133.7,0.0,"The scene shows a section of a residential area with a dark green-sided building, possibly a garage or shed, and a small tree in the foreground. The ground is covered with dirt and scattered leaves, suggesting it might be autumn. The background includes other buildings and trees, indicating a suburban setting. There are no animals or people visible in the frame.",C:\Users\Kavitha padala\Desktop\ANT project\vision_server\data\images\20260913T132912_heartbeat.jpg,8912
2026-09-13T13:34:12,pi-wildlife,heartbeat,heartbeat,0.9,134.6,0.0,"The scene shows a residential area with a dark brown house and a small garden area in the foreground. The ground is covered with dirt and scattered leaves, and there are a few small bushes and plants. The background includes other houses and trees, suggesting a suburban setting. There are no animals or people visible in the scene.",C:\Users\Kavitha padala\Desktop\ANT project\vision_server\data\images\20260913T133412_heartbeat.jpg,8388
2026-09-13T13:39:12,pi-wildlife,heartbeat,heartbeat,0.9,136.4,0.0,"The scene shows a residential area with a brown-sided building, likely a garage or shed, surrounded by a small patch of dirt and some greenery. The ground is scattered with leaves and small stones, suggesting it might be autumn. The background includes trees and another building, indicating a suburban setting. There are no animals or people visible in the frame.",C:\Users\Kavitha padala\Desktop\ANT project\vision_server\data\images\20260913T133912_heartbeat.jpg,8530
2026-09-13T13:44:12,pi-wildlife,heartbeat,heartbeat,0.9,134.9,0.0,"The scene shows a residential area with a dark brown house and a driveway. There are small bushes and some scattered leaves on the ground, indicating a garden or yard space. The area appears calm with no visible wildlife or people in the frame.",C:\Users\Kavitha padala\Desktop\ANT project\vision_server\data\images\20260913T134412_heartbeat.jpg,7626
2026-09-13T13:45:33,pi-wildlife,unclassified_motion,unclassified_motion,0.9,134.5,1.79,"The scene shows a residential area with a dark brown-sided house and a small bush in the foreground. The ground is covered with dirt and scattered leaves, suggesting a yard or garden space. The lighting indicates it might be early morning or late afternoon, as the sun is low in the sky. There are no animals or people visible in the frame.",C:\Users\Kavitha padala\Desktop\ANT project\vision_server\data\images\20260913T134533_unclassified_motion.jpg,8611
2026-09-13T13:49:12,pi-wildlife,heartbeat,heartbeat,0.9,136.6,0.0,"The scene shows a residential area with a dark brown house and a small tree in the foreground. The ground is covered with dirt and scattered leaves, suggesting a yard or garden space. The background includes other houses and trees, indicating a suburban setting. There are no animals or people visible in the frame.",C:\Users\Kavitha padala\Desktop\ANT project\vision_server\data\images\20260913T134912_heartbeat.jpg,7978
2026-09-13T13:54:12,pi-wildlife,heartbeat,heartbeat,0.9,137.1,0.0,"The scene shows a residential area with a dark brown house and a small garden area in the foreground. The garden has a few bushes and some scattered leaves on the ground. The background includes trees and another building, suggesting a suburban setting. There are no animals or people visible in the frame.",C:\Users\Kavitha padala\Desktop\ANT project\vision_server\data\images\20260913T135412_heartbeat.jpg,8226
2026-09-13T13:59:12,pi-wildlife,heartbeat,heartbeat,0.9,134.9,0.0,"The scene shows a residential area with a brown-sided building, possibly a garage or shed, surrounded by a small patch of dirt and some greenery. The ground is scattered with leaves and small stones, and there are a few small bushes and a tree with red leaves in the foreground. The setting appears to be a quiet neighborhood with other houses visible in the background.",C:\Users\Kavitha padala\Desktop\ANT project\vision_server\data\images\20260913T135912_heartbeat.jpg,18420
2026-09-13T14:04:12,pi-wildlife,heartbeat,heartbeat,0.9,136.1,0.0,"The scene shows a residential area with a dark brown house and a small garden area in front. There are a few bushes and some scattered leaves on the ground, indicating it might be autumn. The area appears quiet with no visible wildlife or people in the frame.",C:\Users\Kavitha padala\Desktop\ANT project\vision_server\data\images\20260913T140412_heartbeat.jpg,7835
2026-09-13T14:09:12,pi-wildlife,heartbeat,heartbeat,0.9,137.0,0.0,"The scene shows a residential area with a dark brown house and a driveway. There are some small bushes and a tree in the foreground, with scattered leaves on the ground. The background includes other houses and trees, suggesting a suburban setting. No animals or people are visible in the frame.",C:\Users\Kavitha padala\Desktop\ANT project\vision_server\data\images\20260913T140912_heartbeat.jpg,8059
2026-09-13T14:14:12,pi-wildlife,heartbeat_person,person,0.9,135.7,0.0,"The scene shows a person walking on a paved path near a building with a sloped roof and siding. The area is surrounded by greenery, including small trees and shrubs. The ground is covered with dirt and scattered leaves, suggesting it might be autumn. The setting appears to be a residential or community area.",C:\Users\Kavitha padala\Desktop\ANT project\vision_server\data\images\20260913T141412_person.jpg,8424
2026-09-13T14:19:12,pi-wildlife,heartbeat,heartbeat,0.9,132.8,0.0,"The scene shows a residential area with a dark brown-sided building, possibly a garage or shed, surrounded by a small patch of dirt and some greenery. The ground is scattered with leaves and small stones, and there are a few bushes with green foliage. The background includes other buildings and trees, suggesting a suburban setting. No wildlife or people are visible in the frame.",C:\Users\Kavitha padala\Desktop\ANT project\vision_server\data\images\20260913T141912_heartbeat.jpg,8759
2026-09-13T14:24:12,pi-wildlife,heartbeat,heartbeat,0.9,131.6,0.0,"The scene shows a residential area with a dark brown house and a small garden area in the foreground. There are a few bushes and some scattered leaves on the ground, indicating it might be autumn. The background includes other houses and trees, suggesting a suburban neighborhood. No animals or people are visible in the frame.",C:\Users\Kavitha padala\Desktop\ANT project\vision_server\data\images\20260913T142412_heartbeat.jpg,8063
2026-09-13T14:29:12,pi-wildlife,heartbeat,heartbeat,0.9,133.7,0.0,"The scene shows a residential area with a brown-sided building, possibly a garage or shed, surrounded by a small patch of dirt and some greenery. The ground is scattered with leaves and small stones, suggesting it might be autumn. The area appears quiet with no visible wildlife or people in the frame.",C:\Users\Kavitha padala\Desktop\ANT project\vision_server\data\images\20260913T142912_heartbeat.jpg,7789
2026-09-13T14:34:12,pi-wildlife,heartbeat,heartbeat,0.9,133.0,0.0,"The scene shows a residential area with a dark brown house and a driveway. There are small bushes and some scattered leaves on the ground, indicating a late autumn or early spring setting. The area appears quiet with no visible wildlife or people in the frame.",C:\Users\Kavitha padala\Desktop\ANT project\vision_server\data\images\20260913T143412_heartbeat.jpg,7504
2026-09-13T14:36:27,pi-wildlife,unclassified_motion,unclassified_motion,0.9,134.3,1.14,"The scene shows a residential area with a dark brown garage and a small bush in the foreground. The ground is covered with dirt and scattered leaves, suggesting it might be autumn. A white car is parked in the background, and the area appears to be part of a suburban neighborhood. There are no animals or people visible in the frame.",C:\Users\Kavitha padala\Desktop\ANT project\vision_server\data\images\20260913T143627_unclassified_motion.jpg,8394
2026-09-13T14:39:12,pi-wildlife,heartbeat,heartbeat,0.9,134.9,0.0,"The scene shows a residential area with a dark brown house and a small garden area in the foreground. There are a few bushes and a tree with green leaves, and the ground is covered with dirt and scattered leaves. The background includes other houses and trees, suggesting a suburban neighborhood. No animals or people are visible in the scene.",C:\Users\Kavitha padala\Desktop\ANT project\vision_server\data\images\20260913T143912_heartbeat.jpg,8473
2026-09-13T14:39:18,pi-wildlife,wildlife_person,person,0.9,134.8,1.35,"The image shows a person standing near the side of a building, possibly a house or a small structure, in what appears to be a residential area. The person is wearing a light-colored outfit and seems to be looking down or at something on the ground. The area around the building has some greenery, including small bushes and trees, and the ground is covered with dirt and scattered leaves. The setting suggests a calm, everyday scene in a suburban environment.",C:\Users\Kavitha padala\Desktop\ANT project\vision_server\data\images\20260913T143918_person.jpg,9768
2026-09-13T14:44:12,pi-wildlife,heartbeat,heartbeat,0.9,135.9,0.0,"The scene shows a residential area with a dark brown-sided building, possibly a garage or shed, surrounded by a small garden area with a few bushes and scattered leaves. The ground is mostly bare soil with some small plants and rocks. The background includes other buildings and trees, suggesting a suburban setting. There are no animals or people visible in the frame.",C:\Users\Kavitha padala\Desktop\ANT project\vision_server\data\images\20260913T144412_heartbeat.jpg,9365
2026-09-13T14:49:12,pi-wildlife,heartbeat,heartbeat,0.9,133.5,0.0,"The scene shows a residential area with a dark brown house and a small tree in the foreground. The ground is covered with dirt and scattered leaves, suggesting it might be autumn. The background includes other houses and trees, indicating a suburban setting. There are no animals or people visible in the frame.",C:\Users\Kavitha padala\Desktop\ANT project\vision_server\data\images\20260913T144912_heartbeat.jpg,8026
2026-09-13T14:54:13,pi-wildlife,heartbeat,heartbeat,0.9,132.2,0.0,"The scene shows a residential area with a dark brown-sided building, likely a garage or shed, surrounded by a small patch of dirt and some greenery. The area appears to be part of a suburban neighborhood, with other houses visible in the background. There are no animals or people in the frame, and the ground is scattered with leaves and small rocks.",C:\Users\Kavitha padala\Desktop\ANT project\vision_server\data\images\20260913T145413_heartbeat.jpg,8968
2026-09-13T14:59:12,pi-wildlife,heartbeat,heartbeat,0.9,135.1,0.0,"The scene shows a residential area with a dark gray-sided building, likely a garage or shed, surrounded by a small patch of dirt and some scattered leaves. There are a few small bushes and plants in the foreground, and the background includes trees and another building, suggesting a suburban setting. No animals or people are visible in the frame.",C:\Users\Kavitha padala\Desktop\ANT project\vision_server\data\images\20260913T145912_heartbeat.jpg,8561
2026-09-13T15:04:12,pi-wildlife,heartbeat,heartbeat,0.9,131.9,0.0,"The scene shows a residential area with a dark brown house and a small garden area in the foreground. The garden has a few small trees and bushes, with some fallen leaves scattered on the ground. The background includes a parking area and additional houses, suggesting a suburban setting. There are no animals or people visible in the scene.",C:\Users\Kavitha padala\Desktop\ANT project\vision_server\data\images\20260913T150412_heartbeat.jpg,8467
2026-09-13T15:09:12,pi-wildlife,heartbeat,heartbeat,0.9,133.1,0.0,"The scene shows a residential area with a dark brown house and a small garden area in the foreground. The garden has a few bushes and some scattered leaves on the ground. The background includes trees and another building, suggesting a suburban setting. There are no animals or people visible in the scene.",C:\Users\Kavitha padala\Desktop\ANT project\vision_server\data\images\20260913T150912_heartbeat.jpg,8049
2026-09-13T15:14:13,pi-wildlife,heartbeat,heartbeat,0.9,132.7,0.0,"The scene shows a residential area with a brown-sided building, likely a garage or shed, surrounded by a small garden area with a few plants and some scattered leaves on the ground. The background includes trees and other buildings, suggesting a suburban setting. There are no animals or people visible in the frame.",C:\Users\Kavitha padala\Desktop\ANT project\vision_server\data\images\20260913T151413_heartbeat.jpg,8124
2026-09-13T15:19:12,pi-wildlife,heartbeat,heartbeat,0.9,133.9,0.0,"The scene shows a residential area with a brown-sided building, likely a garage or shed, surrounded by a small patch of dirt and some greenery. The ground is scattered with leaves and small rocks, and there are a few bushes and a small tree in the foreground. The background includes other buildings and trees, suggesting a suburban setting. There are no animals or people visible in the scene.",C:\Users\Kavitha padala\Desktop\ANT project\vision_server\data\images\20260913T151912_heartbeat.jpg,9343
2026-09-13T15:24:12,pi-wildlife,heartbeat,heartbeat,0.9,133.4,0.0,"The scene shows a residential area with a brown-sided building, likely a garage or shed, surrounded by a small patch of dirt and some greenery. The ground is scattered with leaves and small stones, and there are a few bushes with green foliage. The background includes other houses and trees, suggesting a suburban setting. No animals or people are visible in the frame.",C:\Users\Kavitha padala\Desktop\ANT project\vision_server\data\images\20260913T152412_heartbeat.jpg,8803
2026-09-13T15:29:13,pi-wildlife,heartbeat,heartbeat,0.9,132.7,0.0,"The scene shows a residential area with a dark brown house and a small garden area in the foreground. The garden has a few bushes and some scattered leaves on the ground, suggesting it might be autumn. The background includes trees and another building, indicating a suburban setting. There are no animals or people visible in the frame.",C:\Users\Kavitha padala\Desktop\ANT project\vision_server\data\images\20260913T152913_heartbeat.jpg,8245
2026-09-13T15:34:13,pi-wildlife,heartbeat,heartbeat,0.9,134.1,0.0,"The scene shows a residential area with a dark brown house and a driveway. There are some small bushes and a tree with green leaves in the foreground. The ground is covered with dirt and scattered leaves, suggesting it might be autumn. The background includes other houses and trees, indicating a suburban setting.",C:\Users\Kavitha padala\Desktop\ANT project\vision_server\data\images\20260913T153413_heartbeat.jpg,7930
2026-09-13T15:39:12,pi-wildlife,heartbeat,heartbeat,0.9,134.3,0.0,"The scene shows a residential area with a dark brown house and a small garden area in the foreground. The garden has a few bushes and some scattered leaves on the ground. The background includes other houses and trees, suggesting a suburban setting. There are no animals or people visible in the frame.",C:\Users\Kavitha padala\Desktop\ANT project\vision_server\data\images\20260913T153912_heartbeat.jpg,7950
2026-09-13T15:44:13,pi-wildlife,heartbeat,heartbeat,0.9,128.9,0.0,"The scene shows a residential area with a gray-sided building, likely a garage or shed, surrounded by a small patch of ground with scattered leaves and a few small trees. The area appears to be part of a suburban neighborhood with other houses visible in the background. There are no animals or people in the frame.",C:\Users\Kavitha padala\Desktop\ANT project\vision_server\data\images\20260913T154413_heartbeat.jpg,8205
2026-09-13T15:49:13,pi-wildlife,heartbeat,heartbeat,0.9,132.7,0.0,"The scene shows a residential area with a dark gray-sided building, possibly a garage or shed, surrounded by a small patch of dirt and some greenery. The area appears to be part of a suburban neighborhood, with other houses visible in the background. There are no animals or people in the frame, and the ground is scattered with leaves and small rocks. The environment suggests a calm, overcast day.",C:\Users\Kavitha padala\Desktop\ANT project\vision_server\data\images\20260913T154913_heartbeat.jpg,9379
2026-09-13T15:54:13,pi-wildlife,heartbeat,heartbeat,0.9,136.7,0.0,"The scene shows a residential area with a dark brown house and a small garden area in the foreground. There are a few bushes and some scattered leaves on the ground, indicating it might be autumn. The background includes trees and another building, suggesting a suburban setting. No animals or people are visible in the frame.",C:\Users\Kavitha padala\Desktop\ANT project\vision_server\data\images\20260913T155413_heartbeat.jpg,8356
2026-09-13T15:54:52,pi-wildlife,unclassified_motion,unclassified_motion,0.9,134.5,1.48,The scene shows a FedEx delivery truck parked in front of a residential garage. The area around the garage is a mix of dirt and small patches of grass with some shrubs. The setting appears to be a suburban neighborhood with trees and other houses visible in the background. There are no animals or people in the frame.,C:\Users\Kavitha padala\Desktop\ANT project\vision_server\data\images\20260913T155452_unclassified_motion.jpg,8307
2026-09-13T15:59:13,pi-wildlife,heartbeat,heartbeat,0.9,132.9,0.0,"The scene shows a residential area with a brown-sided building, likely a house or a community structure. There are small trees and shrubs in the foreground, with some leaves scattered on the ground. The background includes other buildings and trees, suggesting a suburban or semi-rural setting. No animals or people are visible in the frame.",C:\Users\Kavitha padala\Desktop\ANT project\vision_server\data\images\20260913T155913_heartbeat.jpg,8400
2026-09-13T16:04:13,pi-wildlife,heartbeat,heartbeat,0.9,127.2,0.0,"The scene shows a residential area with a gray-sided building, possibly a house or a community center. There are some small trees and shrubs in the foreground, and a person is visible in the background near the building. The ground is covered with dirt and scattered leaves, suggesting it might be autumn. The setting appears to be a quiet neighborhood with trees and other buildings in the distance.",C:\Users\Kavitha padala\Desktop\ANT project\vision_server\data\images\20260913T160413_heartbeat.jpg,9019
2026-09-13T16:09:13,pi-wildlife,heartbeat,heartbeat,0.9,132.3,0.0,"The scene shows a section of a residential area with a dark gray-sided building, possibly a garage or shed, and a small landscaped area in front. The ground is covered with dirt and scattered leaves, with a few small shrubs and a larger bush with green foliage. The background includes trees and another building, suggesting a suburban setting. There are no animals or people visible in the frame.",C:\Users\Kavitha padala\Desktop\ANT project\vision_server\data\images\20260913T160913_heartbeat.jpg,9457
2026-09-13T16:14:13,pi-wildlife,heartbeat,heartbeat,0.9,129.4,0.0,"The scene shows a residential area with a dark gray-sided building, possibly a garage or shed, surrounded by a small garden area with a few bushes and some scattered leaves on the ground. The background includes other buildings and trees, suggesting a suburban setting. There are no visible animals or people in the frame.",C:\Users\Kavitha padala\Desktop\ANT project\vision_server\data\images\20260913T161413_heartbeat.jpg,8236
2026-09-13T16:19:13,pi-wildlife,heartbeat,heartbeat,0.9,132.3,0.0,"The scene shows a residential area with a house in the foreground and another building in the background. There are some bushes and a small tree in the foreground, with scattered leaves on the ground. The area appears to be a driveway or a small garden space. The image is taken during the day, and the lighting suggests it might be overcast.",C:\Users\Kavitha padala\Desktop\ANT project\vision_server\data\images\20260913T161913_heartbeat.jpg,8515
2026-09-13T16:24:13,pi-wildlife,heartbeat,heartbeat,0.9,133.2,0.0,"The scene shows a section of a residential area with a dark-colored house and a small garden area in the foreground. The ground is covered with dirt and scattered leaves, and there are a few small bushes and plants. The background includes other houses and trees, suggesting a suburban setting. There are no animals or people visible in the frame.",C:\Users\Kavitha padala\Desktop\ANT project\vision_server\data\images\20260913T162413_heartbeat.jpg,8634
2026-09-13T16:29:13,pi-wildlife,heartbeat,heartbeat,0.9,129.4,0.0,"The scene shows a residential area with a dark gray-sided house and a small garden area in front. There are a few bushes and some scattered leaves on the ground, indicating it might be autumn. The background includes trees and another building, suggesting a suburban setting. No animals or people are visible in the frame.",C:\Users\Kavitha padala\Desktop\ANT project\vision_server\data\images\20260913T162913_heartbeat.jpg,8159
2026-09-13T16:34:13,pi-wildlife,heartbeat_person,person,0.9,134.4,0.0,"The scene shows a residential area with a dark brown house and a paved driveway. There are some bushes and a small tree in the foreground, and the ground is covered with dirt and scattered leaves. The background includes other houses and trees, suggesting a suburban setting. The wildlife camera frame indicates a person with 90% confidence, but no person is visible in the image.",C:\Users\Kavitha padala\Desktop\ANT project\vision_server\data\images\20260913T163413_person.jpg,9041
2026-09-13T16:39:13,pi-wildlife,heartbeat,heartbeat,0.9,129.5,0.0,"The scene shows a section of a residential area with a sloped-roof building, likely a garage or shed, surrounded by a small garden area. The ground is covered with dirt and scattered with small rocks and fallen leaves, indicating a natural outdoor setting. There are a few small shrubs and plants in the foreground, and the background includes trees and other buildings, suggesting a suburban environment. No animals or people are visible in the frame.",C:\Users\Kavitha padala\Desktop\ANT project\vision_server\data\images\20260913T163913_heartbeat.jpg,9957
2026-09-13T16:44:13,pi-wildlife,heartbeat,heartbeat,0.9,129.8,0.0,"The scene shows a residential area with a dark gray-sided house and a small garden area in the foreground. There are a few bushes and some scattered leaves on the ground, indicating it might be autumn. The background includes trees and another building, suggesting a suburban setting. No animals or people are visible in the frame.",C:\Users\Kavitha padala\Desktop\ANT project\vision_server\data\images\20260913T164413_heartbeat.jpg,8229
2026-09-13T16:49:13,pi-wildlife,heartbeat,heartbeat,0.9,129.6,0.0,"The scene shows a residential area with a dark gray-sided building, possibly a garage or shed, surrounded by a small patch of dirt and some greenery. The area appears to be part of a suburban neighborhood, with trees and other buildings visible in the background. There are no animals or people in the frame.",C:\Users\Kavitha padala\Desktop\ANT project\vision_server\data\images\20260913T164913_heartbeat.jpg,8288
2026-09-13T16:59:50,pi-wildlife,heartbeat,heartbeat,0.9,122.4,0.0,"The scene shows a residential area with a dark-colored house and a small garden area in the foreground. The garden has a few bushes and some scattered leaves on the ground. The background includes other houses and trees, suggesting a suburban setting. There are no animals or people visible in the scene.",C:\Users\Kavitha padala\Desktop\ANT project\vision_server\data\images\20260913T165950_heartbeat.jpg,19877
2026-09-13T17:04:48,pi-wildlife,heartbeat,heartbeat,0.9,128.8,0.0,"The scene shows a section of a residential area with a dark brown house and a small garden area in the foreground. The garden has a few bushes and some scattered leaves on the ground, suggesting it might be autumn. The background includes other houses and trees, indicating a suburban setting. There are no animals or people visible in the frame.",C:\Users\Kavitha padala\Desktop\ANT project\vision_server\data\images\20260913T170448_heartbeat.jpg,8394
2026-09-13T17:09:48,pi-wildlife,heartbeat,heartbeat,0.9,133.1,0.0,"The scene shows a residential area with a dark brown house and a small garden area in the foreground. The ground is covered with dirt and scattered leaves, and there are a few small bushes with green foliage. The background includes trees and another building, suggesting a suburban setting. No animals or people are visible in the frame.",C:\Users\Kavitha padala\Desktop\ANT project\vision_server\data\images\20260913T170948_heartbeat.jpg,8567
2026-09-13T17:14:48,pi-wildlife,heartbeat,heartbeat,0.9,134.3,0.0,"The scene shows a residential area with a dark-colored house and a small bush in the foreground. The ground is covered with dirt and scattered leaves, suggesting it might be autumn. The background includes other houses and trees, indicating a suburban setting. There are no animals or people visible in the frame.",C:\Users\Kavitha padala\Desktop\ANT project\vision_server\data\images\20260913T171448_heartbeat.jpg,8029
2026-09-13T17:19:48,pi-wildlife,heartbeat,heartbeat,0.9,130.4,0.0,"The scene shows a residential area with a dark brown house and a small garden area in front. There are a few bushes and some scattered leaves on the ground, indicating it might be autumn. The background includes trees and other houses, suggesting a suburban setting. No animals or people are visible in the frame.",C:\Users\Kavitha padala\Desktop\ANT project\vision_server\data\images\20260913T171948_heartbeat.jpg,14481
2026-09-13T17:24:48,pi-wildlife,heartbeat,heartbeat,0.9,128.9,0.0,"The scene shows a residential area with a dark-colored house and a small garden area in the foreground. The garden has a few bushes and some scattered leaves on the ground. The background includes other houses and trees, suggesting a suburban setting. There are no animals or people visible in the scene.",C:\Users\Kavitha padala\Desktop\ANT project\vision_server\data\images\20260913T172448_heartbeat.jpg,13093
2026-09-13T17:29:48,pi-wildlife,heartbeat,heartbeat,0.9,131.9,0.0,"The scene shows a section of a residential area with a dark-colored house and a small garden area in the foreground. The garden has a few bushes and some scattered leaves on the ground, suggesting it might be autumn. The background includes trees and other houses, indicating a suburban setting. There are no animals or people visible in the frame.",C:\Users\Kavitha padala\Desktop\ANT project\vision_server\data\images\20260913T172948_heartbeat.jpg,12063
2026-09-13T17:32:21,pi-wildlife,wildlife_person,person,0.9,127.1,1.06,"The scene shows a person standing near a building with a sloped roof, possibly a house or a small commercial structure. The person is wearing a red jacket and light-colored pants. The ground is covered with dirt and scattered leaves, and there are small bushes and plants around. The setting appears to be a residential or suburban area with trees and other buildings visible in the background.",C:\Users\Kavitha padala\Desktop\ANT project\vision_server\data\images\20260913T173221_person.jpg,10845
2026-09-13T17:34:48,pi-wildlife,heartbeat,heartbeat,0.9,132.7,0.0,"The scene shows a residential area with a dark-sided building, possibly a garage or shed, surrounded by a small garden area with a few bushes and scattered leaves on the ground. The background includes trees and other houses, suggesting a suburban setting. There are no animals or people visible in the frame.",C:\Users\Kavitha padala\Desktop\ANT project\vision_server\data\images\20260913T173448_heartbeat.jpg,9006
2026-09-13T17:36:57,pi-wildlife,unclassified_motion,unclassified_motion,0.9,131.5,1.23,"The scene shows a residential area with a dark brown house and a driveway. There are some small bushes and scattered leaves on the ground. A white car is parked in the driveway, and the background includes trees and another building. The area appears to be calm with no visible wildlife or human activity.",C:\Users\Kavitha padala\Desktop\ANT project\vision_server\data\images\20260913T173657_unclassified_motion.jpg,8740
2026-09-13T17:39:48,pi-wildlife,heartbeat,heartbeat,0.9,130.8,0.0,"The scene shows a residential area with a dark brown house and a car parked in a covered driveway. There are a few small trees and shrubs in the foreground, and the ground is covered with dirt and scattered leaves. The setting appears to be a quiet neighborhood with other houses visible in the background.",C:\Users\Kavitha padala\Desktop\ANT project\vision_server\data\images\20260913T173948_heartbeat.jpg,9119
2026-09-13T17:44:48,pi-wildlife,heartbeat,heartbeat,0.9,131.7,0.0,"The scene shows a residential area with a dark brown house and a small garden area in the foreground. The garden has a few bushes and some scattered leaves on the ground. The background includes other houses and trees, suggesting a suburban setting. There are no animals or people visible in the scene.",C:\Users\Kavitha padala\Desktop\ANT project\vision_server\data\images\20260913T174448_heartbeat.jpg,9035
2026-09-13T17:49:48,pi-wildlife,heartbeat,heartbeat,0.9,127.8,0.0,"The scene shows a residential area with a dark gray-sided building, possibly a garage or a small house, surrounded by a mix of shrubs and small trees. The ground is covered with dirt and scattered leaves, suggesting it might be autumn. The area appears quiet with no visible wildlife or people in the frame. The location seems to be a suburban neighborhood.",C:\Users\Kavitha padala\Desktop\ANT project\vision_server\data\images\20260913T174948_heartbeat.jpg,9856
2026-09-13T17:54:48,pi-wildlife,heartbeat,heartbeat,0.9,127.9,0.0,"The scene shows a residential area with a dark gray-sided house and a small garden area in the foreground. The garden has a few bushes and some scattered leaves on the ground. The background includes trees and another building, suggesting a suburban setting. There are no animals or people visible in the scene.",C:\Users\Kavitha padala\Desktop\ANT project\vision_server\data\images\20260913T175448_heartbeat.jpg,9121
2026-09-13T17:59:48,pi-wildlife,heartbeat,heartbeat,0.9,132.5,0.0,"The scene shows a residential area with a dark brown house and a small garden area in the foreground. There are a few bushes and some scattered leaves on the ground, indicating it might be autumn. The background includes other houses and trees, suggesting a suburban neighborhood. No animals or people are visible in the frame.",C:\Users\Kavitha padala\Desktop\ANT project\vision_server\data\images\20260913T175948_heartbeat.jpg,9676
2026-09-13T18:04:48,pi-wildlife,heartbeat,heartbeat,0.9,127.7,0.0,"The scene shows a residential area with a dark gray-sided building, possibly a house or community center, surrounded by a small garden area. There are a few small trees and bushes with green and reddish leaves, and the ground is covered with dirt and scattered leaves. The location appears to be a suburban neighborhood with other houses visible in the background. No wildlife or people are actively moving in this frame.",C:\Users\Kavitha padala\Desktop\ANT project\vision_server\data\images\20260913T180448_heartbeat.jpg,10665
2026-09-13T18:09:48,pi-wildlife,heartbeat,heartbeat,0.9,131.4,0.0,"The scene shows a residential area with a dark gray-sided building, possibly a garage or shed, surrounded by a small garden area with a few bushes and scattered leaves on the ground. The location appears to be a suburban neighborhood with other houses visible in the background. There are no animals or people in the frame.",C:\Users\Kavitha padala\Desktop\ANT project\vision_server\data\images\20260913T180948_heartbeat.jpg,9492
2026-09-13T18:14:48,pi-wildlife,heartbeat,heartbeat,0.9,130.8,0.0,"The scene shows a section of a residential area with a dark brown house and a small garden area in the foreground. The ground is covered with dirt, small rocks, and scattered leaves, indicating a natural setting. There are no animals or people visible in the frame. The location appears to be a suburban neighborhood with trees and other houses in the background.",C:\Users\Kavitha padala\Desktop\ANT project\vision_server\data\images\20260913T181448_heartbeat.jpg,10142
2026-09-13T18:19:48,pi-wildlife,heartbeat,heartbeat,0.9,130.0,0.0,"The scene shows a residential area with a dark green-sided building, possibly a garage or shed, surrounded by a small patch of dirt and some greenery. The ground is scattered with leaves and small stones, and there are a few bushes and shrubs nearby. The background includes trees and another building, suggesting a suburban setting. No animals or people are visible in the frame.",C:\Users\Kavitha padala\Desktop\ANT project\vision_server\data\images\20260913T181948_heartbeat.jpg,10362
2026-09-13T18:24:48,pi-wildlife,heartbeat,heartbeat,0.9,122.7,0.0,"The scene shows a residential area with a dark gray-sided house in the background. In the foreground, there are small bushes and a patch of bare soil with scattered leaves and small stones. The area appears to be a yard or garden space. The image is taken during the day, with trees visible in the background, suggesting a suburban or semi-rural setting.",C:\Users\Kavitha padala\Desktop\ANT project\vision_server\data\images\20260913T182448_heartbeat.jpg,10217
2026-09-13T18:26:27,pi-wildlife,unclassified_motion,unclassified_motion,0.9,128.3,1.13,"The scene shows a residential area with a dark-colored house and a parked silver car in the driveway. There are some small bushes and scattered leaves on the ground, indicating a garden or yard space. The area appears calm with no visible wildlife or people in the frame.",C:\Users\Kavitha padala\Desktop\ANT project\vision_server\data\images\20260913T182627_unclassified_motion.jpg,9276
2026-09-13T18:29:48,pi-wildlife,heartbeat,heartbeat,0.9,128.1,0.0,"The scene shows a residential area with a dark brown house and a small garden area in the foreground. The garden has a few bushes and some scattered leaves on the ground. The background includes other houses and trees, suggesting a suburban setting. There are no animals or people visible in the scene.",C:\Users\Kavitha padala\Desktop\ANT project\vision_server\data\images\20260913T182948_heartbeat.jpg,9648
2026-09-13T18:31:42,pi-wildlife,unclassified_motion,unclassified_motion,0.9,128.9,1.82,"The scene shows a residential area with a dark-colored house and a driveway. There are some small bushes and scattered leaves on the ground, indicating a garden or yard space. The area appears to be quiet, with no visible wildlife or people in the frame. The lighting suggests it might be early morning or late afternoon.",C:\Users\Kavitha padala\Desktop\ANT project\vision_server\data\images\20260913T183142_unclassified_motion.jpg,10503
2026-09-13T18:34:48,pi-wildlife,heartbeat,heartbeat,0.9,126.9,0.0,"The scene shows a residential area with a dark brown house and a small garden area in the foreground. The ground is covered with dirt and scattered leaves, and there are a few small bushes and plants. The background includes trees and other houses, suggesting a suburban setting. There are no animals or people visible in the scene.",C:\Users\Kavitha padala\Desktop\ANT project\vision_server\data\images\20260913T183448_heartbeat.jpg,9693
2026-09-13T18:39:48,pi-wildlife,heartbeat,heartbeat,0.9,125.4,0.0,"The scene shows a residential area with a dark gray-sided house and a small garden area in the foreground. There are a few bushes and some scattered leaves on the ground, indicating it might be autumn. The background includes other houses and trees, suggesting a suburban setting. No animals or people are visible in the frame.",C:\Users\Kavitha padala\Desktop\ANT project\vision_server\data\images\20260913T183948_heartbeat.jpg,9948
2026-09-13T18:44:48,pi-wildlife,heartbeat_person,person,0.9,127.6,0.0,"The scene shows a person walking near a building with a sloped roof and siding. The area appears to be a residential or community setting, with a small bush and scattered leaves on the ground. The person is moving away from the camera, and the lighting suggests it might be early morning or late afternoon.",C:\Users\Kavitha padala\Desktop\ANT project\vision_server\data\images\20260913T184448_person.jpg,9454
2026-09-13T18:49:48,pi-wildlife,heartbeat,heartbeat,0.9,126.0,0.0,The scene shows a residential area with a dark brown house and a person walking in the background near a covered driveway. The foreground features a patch of dirt with scattered leaves and small plants. The setting appears to be a suburban neighborhood with trees and other houses visible in the background.,C:\Users\Kavitha padala\Desktop\ANT project\vision_server\data\images\20260913T184948_heartbeat.jpg,9007
2026-09-13T18:54:48,pi-wildlife,heartbeat_person,person,0.9,127.3,0.0,"The scene shows a person walking near a building with a sloped roof, possibly a residential or community structure. The ground is covered with dirt and scattered leaves, and there are small bushes and plants around. The setting appears to be an outdoor area, possibly a courtyard or a garden space, with trees visible in the background. The person is wearing dark clothing and is moving away from the camera.",C:\Users\Kavitha padala\Desktop\ANT project\vision_server\data\images\20260913T185448_person.jpg,11653
2026-09-13T18:59:48,pi-wildlife,heartbeat_person,person,0.9,125.7,0.0,The scene shows a residential area with a person walking near a building. The person appears to be carrying a bag and is moving away from the camera. The location seems to be a suburban neighborhood with houses and a driveway visible. There are some small bushes and scattered leaves on the ground.,C:\Users\Kavitha padala\Desktop\ANT project\vision_server\data\images\20260913T185948_person.jpg,9195
2026-09-13T19:04:48,pi-wildlife,heartbeat_person,person,0.9,127.7,0.0,"The scene shows a person walking near a building with a sloped roof and siding. The area appears to be a residential or community setting, with trees and shrubs visible in the foreground and background. The ground is covered with dirt and scattered leaves, suggesting it might be autumn. The person is moving away from the camera towards the building.",C:\Users\Kavitha padala\Desktop\ANT project\vision_server\data\images\20260913T190448_person.jpg,13898
2026-09-13T19:09:48,pi-wildlife,heartbeat_person,person,0.9,130.0,0.0,"The scene shows a person standing near a building with a sloped roof, possibly a house or community center. The area is landscaped with small shrubs and scattered leaves, suggesting it might be autumn. The person appears to be walking or standing in a driveway or paved area adjacent to the building. The location seems to be a residential or community setting, given the architecture and landscaping.",C:\Users\Kavitha padala\Desktop\ANT project\vision_server\data\images\20260913T190948_person.jpg,13913
2026-09-13T19:14:48,pi-wildlife,heartbeat,heartbeat,0.9,127.6,0.0,"The scene shows a residential area with a dark gray-sided house and a small garden area in the foreground. The ground is covered with dirt and scattered leaves, and there are a few small bushes and plants. The background includes other houses and trees, suggesting a suburban setting. No wildlife or people are visible in the frame.",C:\Users\Kavitha padala\Desktop\ANT project\vision_server\data\images\20260913T191448_heartbeat.jpg,8331
2026-09-13T19:19:48,pi-wildlife,heartbeat_person,person,0.9,128.4,0.0,"The scene shows a person standing near a dark-colored house with a sloped roof. The person appears to be interacting with something on the ground or near the house. The location seems to be a residential area with other houses and trees visible in the background. The ground is covered with dirt and scattered leaves, suggesting it might be autumn.",C:\Users\Kavitha padala\Desktop\ANT project\vision_server\data\images\20260913T191948_person.jpg,8766
2026-09-13T19:24:48,pi-wildlife,heartbeat_person,person,0.9,122.3,0.0,"The scene shows a residential area with a dark-sided house and a small garden area in the foreground. Two people are visible in the background, walking near the house. The setting appears to be a suburban neighborhood with trees and other houses visible in the distance.",C:\Users\Kavitha padala\Desktop\ANT project\vision_server\data\images\20260913T192448_person.jpg,7538
2026-09-13T19:29:48,pi-wildlife,heartbeat,heartbeat,0.9,84.5,0.0,"The scene shows a residential area with a dark brown house and a small bush in the foreground. Two people are visible in the background, walking near the house. The setting appears to be a suburban neighborhood with trees and other houses in the distance. The ground is covered with dirt and scattered leaves, suggesting it might be autumn.",C:\Users\Kavitha padala\Desktop\ANT project\vision_server\data\images\20260913T192948_heartbeat.jpg,8333
2026-09-13T19:33:00,pi-wildlife,unclassified_motion,unclassified_motion,0.9,62.0,1.14,"The image shows a residential area with a dark-sided house and a well-lit porch. There are some bushes and a small tree in the foreground, and the ground appears to be a mix of dirt and scattered leaves. The scene is taken during the evening or early morning, as the sky is dim and the porch lights are on. No animals or people are visible in the frame.",C:\Users\Kavitha padala\Desktop\ANT project\vision_server\data\images\20260913T193300_unclassified_motion.jpg,8923
2026-09-13T19:33:15,pi-wildlife,unclassified_motion,unclassified_motion,0.9,60.7,1.24,"The image shows a residential area with a dark-colored house featuring a covered porch. The porch lights are on, indicating it might be evening or early morning. The foreground includes a small garden area with some plants and scattered leaves on the ground. The surrounding area has trees and other houses, suggesting a suburban setting. There are no animals or people visible in the scene.",C:\Users\Kavitha padala\Desktop\ANT project\vision_server\data\images\20260913T193315_unclassified_motion.jpg,9188
2026-09-13T19:33:30,pi-wildlife,unclassified_motion,unclassified_motion,0.9,59.3,1.45,The scene shows a residential area at dusk or early evening. A dark-colored house with a sloped roof and a porch with lights on is visible. The foreground includes a patch of ground with scattered leaves and small plants. The area appears quiet with no visible wildlife or people.,C:\Users\Kavitha padala\Desktop\ANT project\vision_server\data\images\20260913T193330_unclassified_motion.jpg,7674
2026-09-13T19:33:45,pi-wildlife,unclassified_motion,unclassified_motion,0.9,57.9,1.18,"The scene shows a dark, possibly residential area with a large, dark-sided building that appears to be a garage or shed. The ground is covered with dirt and scattered leaves, and there are small bushes and trees around. The lighting suggests it is either dusk or dawn, with some light coming from the building's interior. There are no visible animals or people in the frame.",C:\Users\Kavitha padala\Desktop\ANT project\vision_server\data\images\20260913T193345_unclassified_motion.jpg,8860
2026-09-13T19:34:48,pi-wildlife,heartbeat,heartbeat,0.9,51.8,0.0,"The scene shows a residential area at dusk or early evening. A house with a sloped roof and a porch is visible, with lights on inside. The foreground includes a small patch of ground with scattered leaves and a bush. The surrounding area is bordered by trees, suggesting a suburban or semi-rural setting.",C:\Users\Kavitha padala\Desktop\ANT project\vision_server\data\images\20260913T193448_heartbeat.jpg,8169
2026-09-13T19:36:09,pi-wildlife,unclassified_motion,unclassified_motion,0.9,56.2,2.23,"The scene shows a residential area at dusk or early evening. A white vehicle is parked in a driveway, with its headlights on, illuminating part of the area. The surroundings include a house with a dark exterior and some trees in the background. The ground is covered with scattered leaves, suggesting it might be autumn. There are no visible animals or people in the frame.",C:\Users\Kavitha padala\Desktop\ANT project\vision_server\data\images\20260913T193609_unclassified_motion.jpg,8733
2026-09-13T19:39:21,pi-wildlife,unclassified_motion,unclassified_motion,0.9,44.6,2.31,"The scene appears to be taken at dusk or early evening, with a bright light source illuminating part of a building and some surrounding vegetation. The area looks like a residential neighborhood, with trees and a house visible. There are no animals or people in the frame, and the image is quite dark, making it difficult to discern specific details. The unclassified motion detection suggests there might be some movement in the area, but no specific wildlife or human activity is evident.",C:\Users\Kavitha padala\Desktop\ANT project\vision_server\data\images\20260913T193921_unclassified_motion.jpg,10044
